序号	词频	单词	释义	考查形式
1	73	for	为了…、对于…、因为	
2	64	change	改变、零钱	changed, unchanged, changes, changing
3	59	take	拿走、携带	took, taken, taking
4	51	care	关心、在意	cares, cared, careful, carefully, careless, carelessly, carelessness, caretaker
5	50	in	在…内	
6	50	look	看	looked, looking, overlook
7	50	promise	承诺	promised, promises, promising
8	49	decide	决定	decided, deciding, decision, decisions
9	49	make	制作、使得	makes, made, making
10	48	on	在…上、继续着	
11	47	courage	勇气	courageous, encouraged, encouragement, encouraging, discouraged
12	46	hope	希望	hoped, hoping, hopeful, hopefully, hopeless
13	46	interest	兴趣、利益	interested, interesting, interestingly, interests, uninterested
14	46	surprise	惊讶、使感到意外	surprised, surprises, surprising, surprisingly
15	46	work	工作、作品、奏效	works, worked, working, worker, workers, workplace
16	43	expect	预料、期待	expects, expected, expecting, expectation, expectations, unexpected
17	42	disappoint	使失望	disappointed, disappointment, disappointing, disappointedly
18	42	plan	计划	plans, planned, planning
19	42	with	伴随	without, within
20	41	believe	相信、认为	believed, believing, believable, unbelievable, belief, disbelief
21	41	leave	离开、把…留下	leaves, left, leaving
22	41	so	因此	
23	40	proud	骄傲的	proudly, pride
24	39	accept	接受	accepted, acceptance, acceptable, accepting, unacceptable
25	39	find	发现	found, finds
26	39	realize	意识到、实现	realized, realizing, real, really, reality, realistic
27	39	show	展示、展现	shows, showed, showing, shown
28	39	since	自从、因为、既然	
29	38	act	行为、行动、扮演	acts, acted, acting, active, actively, action, actions, activity, activities
30	38	agree	同意	agreed, disagreed, agreement, disagreement
31	38	as	作为、如同、随着、因为	
32	38	regret	遗憾、后悔	regretted, regretfully, regretful, regrets, regretting
33	38	though	尽管、虽然	
34	37	think	认为	thinker, thinking, thought, thoughts, thoughtful, thoughtfully, thoughtless
35	37	until	直到	till
36	36	chance	机会、可能性	chances
37	36	experience	经历、经验	experienced, experiences, inexperienced
38	36	hold	握着、坚持、举办	holds, held, holding
39	36	if	如果、是否	
40	36	notice	注意、通知	noticed, notices, noticing
41	36	patience	耐心	patient, patiently, impatient, impatiently
42	35	curious	好奇的	curiously, curiosity
43	35	give	给	gives, gave, giving
44	35	remember	记得	remembers, remembered, remembering
45	35	satisfied	满意的、满足的	satisfaction, satisfy, satisfying, dissatisfied, dissatisfaction, satisfactory, unsatisfactory
46	34	but	但是	
47	34	confident	自信的	confidence, confidently, unconfident
48	34	discover	探索、发现	discovered, discovery, discoveries, discovering, rediscover, rediscovered
49	34	imagine	想象	imagined, imagination, imagining
50	34	or	或者、否则	
51	34	time	时间、次数	times
52	33	even	甚至	
53	33	suggest	建议、表明	suggested, suggests, suggesting, suggestion, suggestions
54	32	anxious	焦虑的	anxiously, anxiety, anxieties
55	32	check	检查	checked, checking
56	32	doubt	怀疑	doubted, doubtful, doubtfully, doubting, undoubtedly
57	32	learn	学习、了解	learned, learnt, learning
58	32	return	回归、返回	returns, returned, returning
59	32	unless	除非…否则	
60	32	worried	担心的	worry, worrying, worriedly
61	31	angry	生气的	angrily, anger
62	31	before	在…之前	
63	31	by	通过…方式、到…为止	
64	31	know	知道	knows, knew, known, knowing, knowledge
65	31	run	跑步、经营、运行	running, runners, runs, ran
66	31	when	当…时	whenever
67	30	choose	选择	chose, chosen, chooses, choosing, choices
68	30	friend	朋友	friends, friendly, friendship, friendliness, unfriendly
69	30	lose	失去、失败	losers, lost, losing, loss
70	30	remind	提醒	reminded, reminds, reminding, reminder
71	29	explain	解释	explained, explaining, explanation, explanations
72	29	feel	感觉	felt, feeling, feelings
73	29	live	居住、生活、现场的	lives, lively, lived, living, alive, life
74	29	off	关闭、不在原处	
75	29	pleasant	令人愉快的	pleasure, please, pleased, unpleasant, displeased
76	29	strange	奇怪的	strangely, strangest, stranger
77	28	because	因为	
78	28	comfortable	舒服的	comfort, comforted, comforting, uncomfortable, uncomfortably
79	27	after	在…之后	afterwards
80	27	challenge	挑战	challenges, challenged, challenging
81	27	effort	努力	efforts, effortless
82	27	success	成功	successful, successfully, succeed, succeeded
83	26	admit	承认、允许进入	admitted, admitting, admission
84	26	ashamed	羞愧的	shame, shamed, shameful
85	26	continue	继续	continues, continued
86	26	enjoy	享受	enjoyed, enjoying, enjoyable, enjoyment
87	26	excited	激动的	exciting, excitedly, excitement
88	26	follow	跟随	followed, following
89	26	ignore	忽视	ignored, ignoring, ignorant, ignorance
90	26	lucky	幸运的	luck, luckily
91	26	pass	经过、通过、传递	passed, passes, passing
92	26	prepare	准备	prepared, preparing, preparation
93	26	still	仍然、静止的	
94	25	and	和	
95	25	call	打电话	called
96	25	carry	携带	carried, carrying
97	25	control	控制	controlling, controls, controlled
98	25	difference	差异、不同	different, differently, indifferent, differed
99	25	get	得到	gets, getting, got
100	25	go	去	went, going, gone
101	25	hand	手、传递	handed, hands, handful, handshake
102	25	help	帮助	helps, helped, helpful, helping, helpless
103	25	once	曾经、一次、一旦	
104	25	over	在…上方、结束	
105	25	start	开始	started, starting
106	25	to	目的、终点	
107	25	up	向上、完全	
108	24	attend	出席、照看	attended, attending, attendants, attention, attentive
109	24	break	间歇、打破	breaking, broke, broken
110	24	calm	镇静的、平静	calmly, calmness, calmed, calming
111	24	concern	担心、忧虑、与…有关	concerned
112	24	confused	困惑的	confuse, confusion, confusing, confusedly
113	24	dream	梦想	dreams, dreamed, dreaming, dreamers
114	24	failure	失败	failures, fail, failed, failing
115	24	hesitate	犹豫	hesitates, hesitated, hesitation, hesitating, hesitant, hesitantly
116	24	idea	想法	ideas
117	24	inform	通知、告诉	informs, informed, informing, information
118	24	relief	减轻痛苦、如释重负	relieved
119	24	turn	翻转、回合	turns, turned, turning
120	24	walk	走路	walks, walked, walking
121	24	write	写	wrote, writing, written, rewritten, writer
122	23	escape	逃跑、逃避	escaped, escaping
123	23	forget	忘记	forgot, forgotten, forgetting, forgetful, unforgettable
124	23	offer	提供、报价、录取通知	offers, offering, offered
125	23	save	保存、拯救、节省	saved, saving
126	23	strength	力量、优势	strong, stronger, strengthen
127	23	support	支持	supports, supported, supporting, supportive
128	22	argue	论述、争论	argued, argues, arguing, argument, arguments
129	22	describe	描述	described, describing, description, descriptions
130	22	embarrassed	尴尬的	embarrassment, embarrassing
131	22	express	表达、快速的	expressed, expressing, expression, expressions
132	22	move	移动、使感动	moving, movement, moves, unmoved
133	22	normal	正常的	normally
134	22	pay	支付、工资	paid, paying, payment
135	22	play	玩、扮演、演奏、戏剧	played, playing
136	22	question	问题、质问	questioned, questioning, questions
137	22	relaxed	放松的	relax, relaxing, relaxation
138	22	serve	服务	served, serving, service, services
139	22	tired	疲惫的	tiredly, tireless, tiring, tiredness
140	22	way	道路、方式	ways
141	21	ask	询问、要求	asked, asking
142	21	at	在某时某处、以…状态	
143	21	come	来	came, coming
144	21	directly	直接地	direct, directed, direction, directions director
145	21	fear	恐惧	feared, fearful, fears, fearfully, fearless
146	21	free	自由的、免费的、释放	freely, freedom, freed, freer
147	21	miss	错过、想念	missed, missing
148	21	open	打开	opened, opening, openly
149	21	order	订单、命令、顺序、秩序	orders, ordered, ordering
150	21	possible	可能的	possibly, impossible, possibility, possibilities
151	21	put	放	puts, putting
152	21	puzzle	谜、使困惑	puzzled, puzzles, puzzling, puzzlement
153	21	reason	理由、争辩	reasons, reasoned, reasonable, reasonably, unreasonable
154	21	responsibility	责任	responsible, responsibilities
155	21	right	正确的、右边的、权利	rights
156	21	serious	严肃认真的、严重的	seriously, seriousness
157	21	share	分享	shared, sharing
158	21	stop	停止、阻止	stopped, stopping
159	21	struggle	斗争、挣扎、奋斗	struggles, struggled, struggling
160	21	teach	教	teaches, taught, teaching, teacher, teachers
161	21	through	通过、穿过	
162	21	treat	对待、款待、治疗	treated, treating, treatment
163	20	appear	出现	appeared, appears, appearance, appearances, disappear
164	20	drop	掉落、下降、水滴	dropped, dropping, dropout
165	20	energy	精力	energetic
166	20	grateful	感激的	gratefully, gratitude
167	20	honest	诚实的	honestly, honesty, dishonesty
168	20	love	爱	lovely, loved, loving, lovingly
169	20	meet	遇见、会面	met, meeting, meetings
170	20	mind	思维、想法、介意	minds, minded, minding
171	20	nature	自然、本性	natural, naturally, natures
172	20	pain	痛苦	painful, painfully, pains, pained
173	20	point	点、重点、指	pointed, points, pointing
174	20	practical	实际的、实用的	practice, practices, practicing, practiced, practised, practically
175	20	read	读	reading, reads, reread
176	20	receive	收到	received, receiving, receiver, reception, receptionists
177	20	talk	说	talked, talking, talkative, talkers
178	20	training	训练	train, trains, trained, trainer
179	20	understand	理解	understanding, understandingly, misunderstanding, understood
180	19	advice	建议	advise, advised, adviser, advisor
181	19	appreciate	欣赏、感激	appreciated, appreciation
182	19	arrange	安排	arranged, arranging, arrangement
183	19	away	远离、向远处	
184	19	beyond	超过、超出	
185	19	bring	带来	brings, bringing, brought
186	19	drive	驾驶、驱使、动力	drove, driving, driven, driver
187	19	from	从…起	
188	19	gift	礼物、天赋	gifts
189	19	good	好的	better, best, goods
190	19	happy	快乐的	happily, happier, happiness, unhappy
191	19	hard	困难的、硬的、努力的	harder, hardest, hardly, hardened, hardship, hardships
192	19	lesson	课、教训	lessons
193	19	many	很多	more, moreover, much, most, mostly, almost
194	19	memory	记忆、回忆	memorable, memories, memorized
195	19	pressure	压力	press, pressed, pressing
196	19	recognize	认出、识别、认可	recognized, recognizing, recognition
197	19	send	发送	sent, sending
198	19	speak	发言、说话	speaker, speaking, spoke, spoken
199	19	trust	信任	trusted, distrust
200	19	warn	警告	warned, warns, warning
201	19	while	当…时、而、尽管	
202	19	wonder	想知道、奇观	wondered, wondering, wonderful
203	18	back	背面、后面的、后退、支持	backed, backing
204	18	bear / bore	携带、承受、令人厌烦	bearing, unbearable, boring
205	18	collect	收集、领取	collected, collecting, collection, collector
206	18	create	创造	created, creating, creative, creativity, creation
207	18	end	结束	ended, endless, ends, ending
208	18	excuse	借口	excuses, excused
209	18	honor	荣誉、尊重、给予荣誉	honored, honour
210	18	however	但是、然而、无论如何	
211	18	impression	印象	impress, impressed, impressive
212	18	improve	改进、提高	improved, improving, improvement
213	18	inspire	激励、鼓舞、启发	inspired, inspiring, inspiration, inspirations
214	18	lead	带领、通往某处	led, leader, misleading
215	18	like	喜欢、像…一样	liked, dislike, likely, unlikely
216	18	mean	意思是、意味着、刻薄的	meant, means, meaning, meaningful
217	18	need	需要	needs, needed, needing
218	18	only	仅仅	
219	18	out	出去、外面	
220	18	persuade	说服、劝说	persuaded, persuading, persuasively
221	18	refuse	拒绝	refused, refusing
222	18	respect	尊重	respected, respecting
223	18	see	看	sees, saw, seeing, seen
224	18	sense	感觉	sensed, senses, sensitive
225	18	some	一些	someone, somebody, sometimes, something
226	18	special	特别的	
227	18	study	学习、研究	studies, studied, studying
228	18	word	说话、单词	words
229	17	achieve	取得成功、实现目标	achieved, achieving, achievement, achievements
230	17	admire	钦佩、羡慕、欣赏	admired, admiring, admirable, admiration
231	17	although	尽管	
232	17	any	任何	anything, anyhow, anyone, anybody, anyway
233	17	brave	勇敢的	bravely, bravery
234	17	catch	抓住	caught, catching
235	17	consider	考虑、认为	considered, considering, considerate, consideration, reconsidered
236	17	delight	高兴	delighted, delighting, delightful
237	17	demand	要求	demanded, demanding, demands
238	17	develop	发展	developed, developing
239	17	fall	掉落、秋天	fell, falling, fallen
240	17	manage	管理、设法做到	managed, manages, manager, managers
241	17	necessary	必要的	necessarily, unnecessary, necessity
242	17	performance	表演	perform, performed, performing, performances
243	17	sad	悲伤的	sadly, sadder, saddest, sadness
244	17	skill	技术	skills, skillful, skillfully, skillfulness
245	17	stand	站立、代表、容忍	stood
246	17	therefore	因此	
247	17	trouble	麻烦	troubles, troubled, troublesome
248	17	useful	有用的	use, used, using, useless, usage
249	17	watch	观看、手表	watched, watching, watchful
250	16	around	周围、环绕	
251	16	avoid	避免	avoided, avoiding
252	16	blame	责备	blamed, blaming
253	16	comment	评论	commented, comments
254	16	confirm	证实、确认	confirmed
255	16	desire	渴望	desires, desired
256	16	difficult	困难的	difficulty, difficulties
257	16	easy	容易的	easily, easier, easiest
258	16	judge	判断、法官、裁判	judged, judges, judging, judgment, judgement
259	16	keep	保持	keeps, keeper, keeping
260	16	place	放置、地点	placed
261	16	protect	保护	protected, protects, protecting, protection
262	16	push	推	pushed, pushes, pushing
263	16	report	报告	reports, reported, reporting, reporter, reporters
264	16	rest	休息、剩余的	rested
265	16	silently	寂静地、沉默地	silent, silence
266	16	stay	保持、停留	stayed
267	16	sympathy	同情	sympathetic, sympathetically
268	16	test	测试	tests, tested, testing
269	16	try	尝试	tried, trying
270	16	visit	拜访	visits, visited, visiting
271	16	wait	等待	waited, waiting
272	16	weak	虚弱的、微弱的	weaker, weakly, weakness, weaknesses, weakened
273	15	affect	影响	affected, affecting, affection
274	15	amused	娱乐的、开心的	amusing, amusement
275	15	apply	应用、申请	applied, applying, application, applications, applicant
276	15	book	预定、书籍	books, booked, bookstore, handbook, textbook
277	15	build	建造、积累	built, building, buildings, rebuild, rebuilt
278	15	clear	清楚的、透明的、清除	cleared, clearing, clearer
279	15	cold	冷的	coldly, coldness, coldest
280	15	complain	抱怨	complained, complaining, complaint, complaints
281	15	cry	哭	crying, cried
282	15	determine	决定	determined, determination, determining
283	15	ever	曾经、总是	
284	15	examine	检查	examined, examining, examination, examinations
285	15	fight	战斗、斗争、打斗	fighting, fought
286	15	fortunately	幸运地	fortunate, unfortunate, unfortunately, fortune, misfortune
287	15	frightened	害怕的	frightening
288	15	guess	猜测	guessed, guesses, guessing
289	15	hear	听到	hearing, heard
290	15	how	如何	
291	15	hurt	伤害、疼痛	hurtful
292	15	intention	意图、打算	intend, intended, intentionally
293	15	job	工作	jobs
294	15	prove	证明	proved, proves, proven, proving, proof
295	15	reach	到达、达到、触及	reached, reaching
296	15	result	结果	results
297	15	search	搜索、搜寻、搜查	searches, searched, searching
298	15	secret	秘密	secretly, secrets
299	15	shock	震惊、休克	shocked
300	15	slow	慢的	slowed, slower, slowing, slowly
301	15	step	迈步、步骤、台阶	steps, stepped, stepping
302	15	suffer	遭受	suffered, suffers, suffering
303	15	tell	告诉、讲述、识别	tells, told, telling
304	15	wisdom	智慧	wise, wiser, wisely
305	14	about	关于	
306	14	allow	允许	allowed, allowing, allowance
307	14	also	也、而且	
308	14	buy	购买	buys, bought, buying
309	14	cheer	欢呼	cheers, cheered, cheering, cheerful, cheerfully
310	14	compare	比较	compared, comparing, comparison
311	14	depend	依赖	independent, independence, depended, depending, dependence
312	14	guide	指导、指南、导游	guided, guiding, guidance
313	14	hide	隐藏	hid, hidden, hiding
314	14	instruction	指令、教导	instruct, instructed, instructing, instructor, instructions
315	14	jump	跳	jumped, jumping, jumper
316	14	late	晚的	later
317	14	long	长的、渴望	longer, longest
318	14	message	消息	messages
319	14	part	部分	parts, partly, partially, parting, apart
320	14	pick	挑选	picked, picking
321	14	powerful	强有力的	power, powered, powerful
322	14	predict	预测、预言	predicted, predicting, prediction
323	14	recover	恢复	recovered, recovering, recovery
324	14	reward	回报、报酬	rewarded, rewarding
325	14	set	设置、设立、一套	setting, sets
326	14	shake	摇动、抖动	shook, shaken, shaking
327	14	sign	签名、迹象、标志牌	signed
328	14	spread	传播	spreading
329	14	stick	棍、粘住、坚持	stuck
330	14	touch	触摸、感动	touched, touching
331	14	value	价值、重视	valued, valuable, overvalue
332	14	why	为什么	
333	13	ability	能力	able, unable, abilities, disabled, disability
334	13	along	沿着	
335	13	approach	接近、方法	approached, approaches, approaching
336	13	astonished	惊讶的	astonish, astonishing, astonishment
337	13	behavior	行为	behaviors, behaviour, behave, behaved
338	13	cautious	谨慎的	cautiously, caution
339	13	clean	干净的、打扫	cleaned, cleaning, cleaner
340	13	close	关闭、接近的、密切的	closed, closely, closing, closer
341	13	count	计数、重要	counts, counting, counted
342	13	empty	空的	emptying, emptiness, emptied, empties
343	13	every	每个	everybody, everything, everyone
344	13	explore	探索	explored, exploring, exploration
345	13	fair	公平的	unfair
346	13	familiar	熟悉的	unfamiliar, familiarize
347	13	finally	最终	final
348	13	force	强迫、迫使、力	forced, forcing
349	13	grow	成长、增长	grew, growing, growth
350	13	happen	发生	happened, happening
351	13	hit	打击、撞击	hitting
352	13	kindness	善良	kind
353	13	lie / lay	位于、躺、说谎、放置	laid, laying, lie, lying
354	13	lift	举起、电梯	lifted, lifting
355	13	method	方法	methods
356	13	observe	观察	observed, observing, observation, observer
357	13	obvious	明显的	obviously
358	13	of	的	
359	13	otherwise	否则	
360	13	popular	受欢迎的	popularity
361	13	praise	赞美、表扬	praised, praises, praising
362	13	present	呈现、提出、礼物、现在	presents, presented, presentation, presence
363	13	purpose	目的	
364	13	quiet	安静的	quietly, quietness, quieted
365	13	quit	退出、辞职	quitted, quitting
366	13	remove	移除	removed, removing
367	13	request	请求	requested, requests
368	13	require	需要、要求	requires, required, requirement, requirements
369	13	scared	害怕的	scary, scaring
370	13	simple	简单的	simply, simplified
371	13	spirit	精神	spirits, spiritual
372	13	survive	幸存	survived, survival, survivor
373	13	unwilling	不情愿的	unwillingly, will, willing, willingly, would
374	13	urge	催促、敦促、冲动	urged, urges, urging, urgent
375	13	yet	然而	
376	12	add	增加、补充	adds, added, addition
377	12	amazing	令人赞叹的、了不起的	amazed, amazingly
378	12	announce	宣布	announced, announcement
379	12	appointment	预约	appointed, appointments
380	12	attempt	试图、企图	attempts, attempted, attempting
381	12	attract	吸引	attracted, attractive, attraction
382	12	bad	坏的	worse, worst
383	12	beside	在…旁边	besides
384	12	charge	收费、掌管、充电	charged, charging
385	12	cover	覆盖、足以支付、封面	covered, covering
386	12	disturb	打扰	disturbed, disturbing
387	12	down	在…下面、情绪低落	
388	12	draw	画画、拉动、抽出、平局	drew, drawing, drawn, drawers
389	12	form	形式、形成、表格	formed, formal, formally
390	12	guilty	内疚的	guilt
391	12	lonely	孤独的	loneliness, alone
392	12	money	钱	
393	12	record	记录、唱片	recorded, recording
394	12	reply	回复	replied, replying, replies
395	12	response	回应	respond, responds, responded
396	12	stress	压力、强调	stresses, stressed, stressful
397	12	sure	当然的	surely
398	12	usual	通常的	usually, unusual
399	12	view	景观、观点	viewers
400	11	afraid	害怕的	
401	11	against	相对、相反、反对	
402	11	ambition	雄心、志向	ambitious, ambitions
403	11	beat	击败	beating, beaten
404	11	benefit	益处、好处、使受益	benefited, benefits, beneficial
405	11	breath	呼吸	breathe, breathing, breathless, breathlessly
406	11	class	班级、级别	classes
407	11	compete	竞争	competed, competitive, competitor, competitors, competition
408	11	conclude	得出结论、终止	concluded, concluding, conclusion, conclusions
409	11	connect	连接	connected, connection
410	11	convince	使信服、使确信	convinced, convincing
411	11	cross	跨过、穿过	crossed
412	11	do	做	doing, done
413	11	during	在…期间	
414	11	duty	责任	
415	11	eager	渴望的、急切的	eagerly, eagerness
416	11	example	例子、榜样	examples
417	11	exchange	交换	exchanged
418	11	expose	暴露、使接触到	exposed
419	11	eye	眼睛	eyes, eyeing
420	11	forgive	原谅	forgave, forgiven, forgiving, forgiveness
421	11	fun	快乐	funny
422	11	generous	慷慨的	generosity
423	11	goal	目标	
424	11	introduce	介绍、引入	introduced, introducing, introduction
425	11	nearly	几乎	near, neared, nearer
426	11	no	否定	not, nobody, nothing, nowhere
427	11	note	笔记、便条、纸币、注意	notes
428	11	opinion	意见	opinions
429	11	permit	允许	permits, permitted, permitting, permission
430	11	raise	增加、抚养、筹款、提及	raised, raising
431	11	rush	冲	rushed, rushing
432	11	safe	安全的	safer, safest, safely, safety
433	11	seek	寻求	seeking, sought
434	11	select	选择	selects, selected, selecting, selection
435	11	settle	解决、定居、安排好	settled, settlers
436	11	sleep	睡觉、睡眠	sleepy, sleeping, slept
437	11	smart	聪明的	smarter
438	11	smile	笑	smiles, smiled, smiling
439	11	task	任务	tasks
440	11	upset	不高兴的、使困扰	
441	11	waste	浪费	wasted, wasting
442	11	what	什么事物	whatever
443	11	where	哪里	wherever
444	10	again	再次	
445	10	approve	赞同	approved, approval
446	10	attitude	态度	attitudes
447	10	body	身体	bodies, bodied, bodily
448	10	condition	条件、情况、健康状况	conditions, conditional
449	10	dangerous	危险的	danger, endangered
450	10	declare	宣布	declared, declaring
451	10	deliver	传递、传输	delivered, delivering, delivery
452	10	design	设计	designed, designing, designer
453	10	devotion	投入、奉献	devoted
454	10	discuss	讨论	discussed, discussing, discussion
455	10	face	脸、面对	faces, faced
456	10	finish	完成	finished, finishing
457	10	head	头、前往	headed, heading
458	10	identify	识别、鉴定	identified, identifying, identification
459	10	important	重要的	importance
460	10	just	只、仅仅	
461	10	laugh	笑	laughed, laughing
462	10	light	点亮、轻的	lights, lighter, lit
463	10	motivation	动机、动力	motivate, motivated
464	10	new	新的	newly
465	10	polite	礼貌的	politely, impolite, politeness
466	10	poor	贫穷的、劣质的、差的	poorly, poorest
467	10	position	位置、职位	positions
468	10	post	发布、张贴、邮寄	posted, posting, poster
469	10	prefer	更喜欢、更倾向于	preferred, preferring, preference, preferences
470	10	pretend	假装	pretended, pretending
471	10	problem	问题	problems
472	10	related	有关联的	relative, relatives, relation, relationship
473	10	school	学校	
474	10	travel	旅行、出行	travels, traveling, travelling, traveled, traveler, travelled
475	10	wake	醒来、唤醒	woke, awake, awoke, awakened
476	10	whether	是否	
477	10	win	赢	winning, won, winner, winners
478	10	witness	目击、见证	witnessed
479	9	across	穿过	
480	9	actually	实际上	
481	9	aim	目的、旨在、瞄准	aimed, aiming, aimless
482	9	annoy	使生气、惹恼	annoyed, annoying, annoyance
483	9	answer	答案、回答	answered
484	9	apologize	道歉	apologized, apology, apologies
485	9	busy	忙碌的	
486	9	case	情况、案例	cases
487	9	common	普通的、共同的	commonly
488	9	companion	同伴	companions, company, accompany, accompanied, company
489	9	copy	复制	copied, copying
490	9	delay	延迟、延误	delayed, delaying
491	9	desperate	孤注一掷的、拼命的	desperately, desperation
492	9	distance	距离	distant
493	9	far	远的	further, faraway
494	9	fix	修理、固定	fixed, fixing
495	9	flexible	灵活的	
496	9	focus	集中注意力、聚焦、焦点	focused, focusing, refocus
497	9	great	伟大的、巨大的、重要的	greatly, greatest
498	9	greet	打招呼	greets, greeted, greetings
499	9	harmful	有害的	harm, harmless
500	9	immediate	立即的	immediately
501	9	instead	相反的是、代替、反而	
502	9	invite	邀请、招致	invited, inviting invitations
503	9	lend	借出	lent, lending
504	9	measure	衡量、测量、措施	measured, measuring
505	9	nod	点头	nodded, nodding
506	9	office	办公室	official, officer
507	9	old	老的、旧的	oldest
508	9	ordinary	普通的、平凡的	
509	9	pack	打包、小包装	packed, packing, package, packages
510	9	perfect	完美的	perfectly, perfection
511	9	produce	生产	product, products, production
512	9	pull	拉	pulled, pulling
513	9	punish	惩罚	punished, punishment
514	9	remain	保持、保留、剩余	remains, remained
515	9	risk	风险	risks
516	9	sharp	尖的、清晰的	sharpen, sharpened, sharper
517	9	should	应该	
518	9	sight	视野、景象	
519	9	sorrow	悲伤	sorrowful
520	9	sound	声音	sounds
521	9	store	存储、商店	stored, stores
522	9	suddenly	突然地	
523	9	tear	眼泪、撕碎	tears, tearing, tore, torn
524	9	thus	因此	
525	9	warm	温暖	warmer, warming, warmth
526	8	abandon	抛弃、放弃	abandoned
527	8	above	在…上面	
528	8	advantage	优势	advantages, disadvantage
529	8	award	颁奖、奖励	awards, awarding
530	8	basically	基本地	basic, basis, baseless, base
531	8	borrow	借入	borrowed, borrows
532	8	bright	明亮的	brighten, brightened
533	8	cause	造成、原因	causes, caused, causing
534	8	certain	确定的	certainly, uncertain, uncertainty
535	8	child	孩子	childhood, children
536	8	commitment	承诺、投入	commit, committed
537	8	complete	完全的、完成	completed, completely
538	8	convenient	方便的	convenience, inconvenient, inconvenience
539	8	correct	纠正、正确的	corrected, incorrectly
540	8	cure	治愈	cured
541	8	decorate	装饰	decorated, decorating, decoration
542	8	donation	捐赠	donate, donated, donating, donations, donor
543	8	earn	挣得	earned
544	8	evaluate	评估	evaluating, evaluation, evaluations
545	8	extra	额外的	
546	8	fade	褪色、逐渐消失	faded, fading
547	8	figure	认为、人物、数字、身形	figured
548	8	firm	公司、牢固的	firmly, firmer
549	8	fit	健康的、适合	fitted, unfit, fitter
550	8	gather	聚集、收集、集合	gathered, gathering
551	8	grade	级别、年级、成绩、评分	grades
552	8	gradually	逐渐地	
553	8	habit	习惯	habits
554	8	heavy	沉重的	heavier, heaviest
555	8	home	家	homeless
556	8	mark	标记、分数、做标记、打分	marks, marked
557	8	match	比赛、匹配、火柴	matches, matching
558	8	mention	提及	mentioned, mentions
559	8	might	可能	
560	8	name	名字、命名	names, named
561	8	occupy	占据、占用	occupied, occupation
562	8	operation	运营、操作、手术	operate, operated
563	8	optimistic	乐观的	optimistically
564	8	paper	纸、试卷、论文、报纸	
565	8	pause	暂停	pause, paused, pausing
566	8	phone	电话	phoned, phones, telephone
567	8	picture	照片、设想	pictures
568	8	positive	积极的	
569	8	program	项目、课程	programs, programme
570	8	progress	进步	progressed
571	8	recommend	推荐	recommended, recommending, recommendation
572	8	reflect	反射、反映、思考	reflected, reflection
573	8	reliable	可靠的	rely, relying, unreliable
574	8	replace	替代	replaced
575	8	rich	丰富的、富有的	richer, riches, enrich, enriched
576	8	sell	卖	sells, selling, sold
577	8	shape	形状、塑造	shapes, shaped
578	8	situation	情况、局势	situations
579	8	spare	匀给、空闲的	spared, sparing
580	8	spend	花费	spent, spending
581	8	story	故事	stories
582	8	talent	才华、天赋、人才	talented
583	8	thank	感谢	thanks, thanked, thankful, thankfulness
584	8	then	然后	
585	8	throw	扔	threw, throwing, thrown
586	8	trip	旅行	trips, tripped
587	8	truth	真相	true, truly
588	8	voice	人声	
589	8	wave	波、波浪、挥手、挥动	waved, waving
590	8	well	好、井、涌出	welled
591	8	who	谁	whoever
592	7	adjust	调整、适应	adjusted, adjusting, adjustment
593	7	adopt	采用、收养	adopted, adopting
594	7	afford	承担得起	afforded
595	7	assume	假设、揣测	assumed, assuming, assumption
596	7	attack	攻击	attacked, attacking, attackers
597	7	begin	开始	began, beginning
598	7	can	能、可以、金属罐	could
599	7	career	职业	
600	7	casual	随意的	casually
601	7	climb	攀爬	climbed, climbing
602	7	colleague	同事	colleagues
603	7	contribution	贡献	contribute, contributes, contributed, contributing
604	7	conversation	对话	conversations
605	7	deep	深的	deeply, deepen, deepened, deeper, depth
606	7	dirty	脏的	dirt
607	7	eventually	最终	
608	7	favor	喜欢、赞同	favored, favorable, favourable, favour
609	7	flower	花朵	flowers
610	7	fly	飞	flying, flew, flown
611	7	game	游戏、比赛	games
612	7	generally	普遍、一般、总的来说	general
613	7	handle	处理	handled, handles, handling
614	7	have	有	had, having
615	7	health	健康	healthy, healthier
616	7	hospital	医院	
617	7	hurry	匆忙、赶快	hurried, hurriedly, unhurried
618	7	influence	影响	influenced
619	7	insist	坚持	insisted, insisting
620	7	joy	快乐	overjoyed
621	7	last	最后、持续	lastly, lasted, lasts
622	7	manner	礼貌、礼仪、方式	manners
623	7	march	行进	marched, marching
624	7	me	我	my, myself
625	7	messy	乱的	mess, messed
626	7	nervous	紧张的	nervously, nervousness, nerve
627	7	owe	欠、归因于	owed
628	7	peace	和平	peaceful
629	7	pity	同情	pitiful
630	7	prevent	阻止、预防	prevented, prevents
631	7	print	打印	printed
632	7	proper	恰当的、合适的	properly
633	7	provide	提供	provided, providing
634	7	quickly	快速地	quick, quickness
635	7	reaction	反应	reactions
636	7	regular	定期的、常规的	regularly, regulars
637	7	remark	评价、评论	remarks
638	7	repairing	修复、修理	repair, repaired
639	7	repeat	重复	repeated, repeatedly
640	7	schedule	日程	schedules, scheduled
641	7	seat	座位	seats, seated
642	7	seldom	不常、很少	
643	7	self	自我、自己	selfless, selfishness, myself
644	7	separate	分开	separated, separates, separation, inseparable
645	7	shine	闪耀、照耀	shone, shiny
646	7	sink	下沉	sank
647	7	size	大小	sized
648	7	standard	标准、水平	standards
649	7	student	学生	students
650	7	terror	恐惧	terrified, terrible, terribly
651	7	wander	闲逛	wandered
652	7	want	想要	wanted, wanting
653	7	wear	穿着	wearing, wore, worn
654	7	weight	重量	weighed, weightless
655	7	wish	希望	wished, wishes, wishing
656	7	wrong	错误的	
657	6	accident	事故	accidentally, accidents
658	6	adventure	冒险	adventures
659	6	already	已经	
660	6	assess	评估	assessed, assessing, assessment
661	6	assist	援助	assisting, assistant, assistants, assistance
662	6	attach	附上、附加	attached, attaching
663	6	bag	手提包	bags, bagful
664	6	beg	乞求	begged, begging
665	6	behind	在…后面	
666	6	big	大的	bigger
667	6	block	阻挡、街区	blocked
668	6	box	盒子	boxes
669	6	car	车	cars
670	6	classmate	同学	classmates
671	6	communication	沟通	communicate, communicators
672	6	course	课程	courses
673	6	education	教育	educate, educated
674	6	effect	效果	effective
675	6	enter	进入	entered
676	6	event	事件	events
677	6	exactly	确切地、正是	
678	6	exercise	锻炼	exercised
679	6	expand	扩大	expanded
680	6	expensive	贵的	expense
681	6	experiment	实验	experiments
682	6	family	家庭	families
683	6	fast	快速的	faster, fastest
684	6	field	田地、场地、领域	fields
685	6	graduation	毕业	graduate, graduates
686	6	hate	讨厌	hated, hateful, hating
687	6	heart	心	hearts, hearted
688	6	house	房子	houses
689	6	interview	采访、面试	interviewed
690	6	into	进入内部	
691	6	less	更少	least
692	6	letter	信件、字母	letters
693	6	list	清单、列表	
694	6	listen	听	listened, listening, listeners
695	6	matter	事情、问题、重要	matters, mattered
696	6	neighborhood	小区、社区	neighbor, neighbors, neighbour
697	6	never	从不	
698	6	object	目标、物体、反对	objecting, objection, object, objective
699	6	one	一个	
700	6	organize	组织	organized, organization
701	6	overcome	克服	overcame
702	6	paint	绘画	painted, painting, repaint
703	6	passenger	乘客	passengers
704	6	personal	个人的	personality, person, people
705	6	potential	潜在的、潜力	
706	6	private	私人的	
707	6	probably	可能地	
708	6	project	项目、计划	projects
709	6	promote	促进	promoted
710	6	public	公众的	publish, published
711	6	ready	准备好的	
712	6	reject	拒绝	rejected, rejection
713	6	road	路	roads, roadside
714	6	ruin	毁灭	ruined
715	6	rule	规则	rules
716	6	science	科学	scientist, scientific
717	6	shy	害羞的	shyly, shyness
718	6	side	一边	aside
719	6	similar	相似的	similarity
720	6	sit	坐在	sat, sitting
721	6	sorry	抱歉、难过的、歉疚	
722	6	stare	盯着	stared, staring
723	6	state	陈述、状态	states, stated, stating, statement
724	6	street	街道	streets
725	6	strict	严格的	
726	6	strike	击打、罢工	strikes, struck
727	6	style	风格	styles
728	6	suspect	怀疑	suspected, suspecting
729	6	sweet	甜的	sweets, sweeter, sweetest
730	6	team	团队	teams, teamwork
731	6	tough	艰难的	toughest, tougher
732	6	toward	向、朝向	towards
733	6	tradition	传统	traditional
734	6	welcome	欢迎	welcomed
735	6	website	网站	
736	5	adapt	改编、适应	adaptation
737	5	arrival	到达	arrived
738	5	aware	意识到的	awareness
739	5	awkward	笨拙的、令人尴尬的	
740	5	balance	平衡	balancing
741	5	blood	血	bleed, bleeding
742	5	bother	打扰	bothered
743	5	burn	燃烧	burned, burnt, burning
744	5	business	商业	businesses
745	5	character	性格、角色、字符	characters
746	5	chat	聊天	chatted, chatting
747	5	clothes	衣服	
748	5	color	颜色	
749	5	concentrate	集中注意力	concentrating, concentration
750	5	conflict	冲突	
751	5	constantly	持续地	
752	5	cook	烹饪、厨师	cooking, cooker, cookers
753	5	cool	凉爽的、冷却	cooled, cooler
754	5	crazy	疯狂的	
755	5	cut	切、砍	
756	5	dance	跳舞	danced, dancing, dancer
757	5	darkness	黑暗	dark, darker, darkened
758	5	day	日子	daily
759	5	defend	保卫、防守	defended, defending, defense
760	5	depressed	抑郁的、沮丧的	depression, depressing
761	5	deserve	值得、应得	deserved
762	5	die	死	died, dead, death
763	5	doctor	医生	
764	5	door	门	doors, indoors
765	5	eat	吃	ate, eating
766	5	employ	雇佣、采用	employed, employer, employers, employment
767	5	faith	信心、信仰	faithful
768	5	first	第一	
769	5	fold	折叠	folded, unfold, unfolded, folding
770	5	food	食物	foods
771	5	foolish	愚蠢的	fooling
772	5	forward	前进的、向前、转发	forwards
773	5	frequently	频繁地	frequent, frequency
774	5	frozen	冻结的、冻住的	freezing, froze
775	5	gaining	获得	gain, gained
776	5	hang	悬挂	hangs, hung, hanging
777	5	holiday	假日	
778	5	homework	作业	
779	5	increase	增加	increased, increasing
780	5	injured	受伤的	injuries, injury
781	5	interpret	解释、说明	interpreting
782	5	invent	发明	invented, inventions
783	5	join	参加	joined
784	5	lack	缺乏	lacked, lacks, lacking
785	5	lazy	懒惰的	laziness
786	5	line	排队、线	lined
787	5	loud	大声的	louder, loudly
788	5	modest	谦虚的	modesty
789	5	narrow	狭窄的	narrower
790	5	noise	噪音	noisy
791	5	now	现在	
792	5	number	数字	numbers
793	5	other	其他	others
794	5	pace	速度、行进	paced
795	5	partner	伙伴	partners
796	5	passion	热情	passions
797	5	pour	倾倒、倾泻	poured, pours
798	5	prize	奖	
799	5	professor	教授	professions, professionally
800	5	quality	质量、品质	qualities
801	5	race	比赛、竞速	raced, races
802	5	recall	回忆	recalled
803	5	reduce	减少	reduced
804	5	review	复习、回顾	reviewed, reviewing
805	5	room	房间、空间	rooms
806	5	rough	粗糙的、艰难的	roughly
807	5	same	同样的	
808	5	saying	谚语	say
809	5	seem	似乎	seems, seemed, seemingly
810	5	seize	抓住	seized
811	5	sick	生病的	
812	5	skip	跳过	skipped
813	5	slight	轻微的	slightly
814	5	slip	滑倒、下滑	slipped, slipping
815	5	soft	软的	soften, softly
816	5	spot	注意到、地点、斑点	spotted
817	5	station	车站	stations
818	5	suppose	假设、认为	supposed, supposing
819	5	surround	包围、围绕	surrounded, surroundings
820	5	system	系统	systems
821	5	tight	紧的	tightened
822	5	track	追踪、足迹、痕迹	tracking
823	5	trend	趋势	
824	5	typical	典型的	typically
825	5	volunteer	志愿者	volunteered, volunteers, volunteering, voluntary
826	5	water	水	watery
827	4	absence	缺席	absent, absently
828	4	absorb	吸收、理解	absorbed
829	4	accurate	精确的	
830	4	acquire	获得	acquired
831	4	address	地址、解决问题	addresses, addressed
832	4	age	年龄、时代	ages
833	4	aggressive	好斗的、有侵略性的	
834	4	air	空气	
835	4	all	一切	
836	4	analyze	分析	analyzing, analysis
837	4	art	艺术	artist
838	4	between	在…之间	
839	4	bill	账单	
840	4	broad	宽阔的	broadly
841	4	burden	负担	burdens
842	4	calculate	计算	calculations, calculator, calculating
843	4	cancel	取消	canceled, cancelled, canceling
844	4	center	中心	centre, central
845	4	cheat	作弊、欺骗	cheated, cheats, cheating
846	4	church	教堂	
847	4	clever	聪明的	cleverness
848	4	complex	复杂的	
849	4	conduct	实施、开展、组织	conducted, conducting, conductors
850	4	content	满足的、内容、目录	contented
851	4	corner	角落	corners
852	4	cost	花费、成本	costly
853	4	crowded	拥堵的	crowd
854	4	customer	顾客	customers
855	4	date	日期、约会	dated, dates, dating
856	4	deed	行为、事迹	deeds
857	4	delicate	精美的、微妙的	
858	4	desk	桌子	desks
859	4	destroy	摧毁	destroyed
860	4	dress	穿	dressed, dresses
861	4	enough	足够	
862	4	equal	平等的	equality
863	4	fill	填满、充满	filled, filling
864	4	fine	很好的、罚款	
865	4	flight	航班	
866	4	flow	流动	
867	4	fond	喜欢的	
868	4	function	功能、起作用	functions
869	4	gently	温柔地	gentleman
870	4	glad	高兴的	gladly
871	4	grasp	抓住、理解	grasped
872	4	height	身高	higher
873	4	horrified	受到惊吓的	horror
874	4	hug	拥抱	
875	4	journey	旅行	
876	4	lecture	讲座	lecturer
877	4	let	让	letting
878	4	limit	限制	limited, limitation, limitations
879	4	medicine	医药	
880	4	mistake	错误	
881	4	mix	混合	mixed
882	4	must	必须	
883	4	next	下一个	
884	4	outside	外面的	
885	4	parents	家长	parenthood
886	4	party	派对	parties
887	4	possession	所有物、财产	possessions, possessed
888	4	pretty	漂亮的	prettier, prettiest
889	4	process	过程、进程、处理	
890	4	profit	利润	profits
891	4	refer	参考、指的是、提及	referred
892	4	relevant	相关的	
893	4	represent	代表	represented, representing
894	4	ring	戒指、响起	rang, ringing
895	4	roll	滚动、卷	rolled
896	4	scream	尖叫	screamed, screaming
897	4	shop	购物	shopping, shopkeepers
898	4	short	短的	shorter
899	4	shout	喊叫	shouted, shouting
900	4	sigh	叹息、叹气	sighed
901	4	signal	信号	signaled
902	4	silly	愚蠢的	
903	4	small	小的	smaller
904	4	stupid	愚蠢的	stupidity
905	4	suit	适合、西装	suitable, suitability
906	4	sun	太阳	sunlight, sunny
907	4	supply	供应	supplies
908	4	taste	口味、品尝	
909	4	tolerate	容忍	tolerance
910	4	tour	旅行	toured, touring, tourists
911	4	trick	诡计、花招、欺骗	tricks
912	4	under	在…之下	
913	4	victory	胜利	
914	4	wash	洗	washed, unwashed
915	4	weather	天气	
916	4	whisper	低声说、窃窃私语	whispered, whispering
917	4	wild	野生的	
918	4	wind	风、缠绕、蜿蜒	windy, winding
919	4	world	世界	
920	4	worth	值得	worthless
921	4	young	年轻的	youth
922	3	accessible	可进入的、可使用的	access
923	3	ache	疼	ached, aching
924	3	advance	前进	advanced, advancing
925	3	advertise	打广告	advertised, advertisements
926	3	always	总是	
927	3	another	另一个	
928	3	assignment	任务	assigning
929	3	association	关联、协会	associate
930	3	available	可获得的、有空的	
931	3	average	平均的	
932	3	belong	属于	belonged, belonging, belongings
933	3	below	在…下面	
934	3	bite	咬	
935	3	bitter	苦的	bitterly
936	3	blow	吹	
937	3	board	板、乘坐交通工具	skateboard
938	3	bottle	瓶子	bottles
939	3	brand	品牌	
940	3	brief	简短的	
941	3	brother	兄弟	brothers
942	3	bury	埋	buried
943	3	camp	营地	camped, camps
944	3	cash	现金	cashed, cashier
945	3	ceremony	仪式	
946	3	chair	椅子	
947	3	city	城市	cities, citizen
948	3	clap	鼓掌、拍手	
949	3	classroom	教室	
950	3	club	俱乐部	
951	3	command	命令	commanded
952	3	congratulate	庆祝、祝贺	congratulated, congratulation, congratulations
953	3	court	法庭、球场	
954	3	crash	碰撞	
955	3	cruel	残忍的	
956	3	damage	损害	
957	3	deal	处理、大量、交易	
958	3	defeat	击败	defeated
959	3	dollar	美元	dollars
960	3	drag	拉、拽	dragged
961	3	dry	干燥的	drying
962	3	early	早的、早期的	
963	3	ease	减轻、缓和、容易、自在	eased, unease
964	3	elevator	电梯	
965	3	enthusiastic	热情的	
966	3	envy	嫉妒、羡慕	envied
967	3	equipment	设备、装备	
968	3	exist	存在	existed, exists
969	3	exit	出口、退出	exited
970	3	extend	延伸、延展	extended
971	3	famous	有名的	
972	3	fan	粉丝	fans
973	3	farm	农场	farming, farmland
974	3	fault	错误、缺点	faults
975	3	foot	脚、英尺	feet, football
976	3	foreign	国外的	
977	3	fresh	新鲜的	freshest
978	3	front	前面的	
979	3	fruit	水果、成果	fruits, fruitless
980	3	full	满的	fullest
981	3	future	未来	
982	3	gesture	手势、姿态	gestures, gesturing
983	3	glare	瞪着、怒视	glared, glaring
984	3	grocery	杂货店	groceries
985	3	half	一半	
986	3	he	他	his
987	3	her	她的	
988	3	host	主办、主持人、主人	hosted
989	3	hot	热的	
990	3	hungry	饥饿的	
991	3	illness	疾病	illnesses
992	3	incident	事件	incidents
993	3	indicate	表明	indicated, indicating
994	3	innocent	无辜的、天真的	
995	3	instrument	乐器、仪器	instruments
996	3	involve	涉及	involved
997	3	kick	踢	kicked
998	3	knock	敲	knocked
999	3	lawyer	律师	lawyers
1000	3	level	水平、等级	
1001	3	link	连接、联系	linked, linking
1002	3	lock	锁	locked, lockers
1003	3	machine	机器	machines
1004	3	major	主要的、专业	majority
1005	3	material	材料	materials
1006	3	member	成员	members
1007	3	negotiate	谈判、协商	negotiating, negotiation
1008	3	nice	很好的	
1009	3	obey	遵守、服从	obeyed, obeying
1010	3	official	官方的	
1011	3	often	经常	
1012	3	opportunity	机会	opportunities
1013	3	outgoing	外向的	
1014	3	outstanding	杰出的	
1015	3	own	拥有、自己的	owned, owner
1016	3	panic	恐慌、惊恐	panicked
1017	3	path	小道	
1018	3	photo	照片	photos
1019	3	police	警察	policeman
1020	3	preserve	保护、保存	preserved
1021	3	procedure	步骤	
1022	3	rank	排名、等级	
1023	3	rarely	罕见地、几乎不	rarer, rarest
1024	3	rather	相当地	
1025	3	reform	改革	reformed
1026	3	rescue	拯救	rescued
1027	3	research	研究	
1028	3	retire	退休	retired, retires, retirement
1029	3	ride	骑	rode
1030	3	ridiculous	荒谬的	
1031	3	rise	上升	rose, risen
1032	3	round	圆形的、周围、回合	rounded
1033	3	routine	常规、惯例	
1034	3	sacrifice	牺牲	
1035	3	scene	场景	
1036	3	scholar	学者	scholarship
1037	3	shoulder	肩膀	shoulders
1038	3	sincerely	真心地	sincere
1039	3	smell	闻	smells
1040	3	solution	解决方案	
1041	3	soon	很快、不久	
1042	3	space	空间、太空	
1043	3	sport	体育运动	sports
1044	3	steal	偷	stealing, stole, stolen
1045	3	straight	直接的	straighter
1046	3	target	目标	targets
1047	3	temporary	临时的	
1048	3	tense	紧张的	tensely, tension
1049	3	theory	理论	
1050	3	thrilled	兴奋的	
1051	3	title	标题	titles
1052	3	too	过于…、也	
1053	3	tool	工具	tools
1054	3	top	顶端	
1055	3	topic	话题	
1056	3	toy	玩具	toys
1057	3	transform	改变	transformed, transforms
1058	3	transport	运输	transportation
1059	3	trap	陷阱、困住	trapped
1060	3	tremble	颤抖	trembled, trembling
1061	3	upon	在…上面	
1062	3	vague	模糊的	vaguely
1063	3	village	村庄	villagers
1064	3	week	周	weekend
1065	3	wide	广泛的、宽的	widen, widened
1066	3	withdraw	退出、撤退	withdrew
1067	3	woman	女人	womanhood
1068	3	wrap	包住、裹住	wrapped, unwrapped
1069	2	account	账户、解释说明	accounts
1070	2	accuse	控告	accused
1071	2	acknowledge	承认、感谢	acknowledged
1072	2	adequate	充足的	inadequate
1073	2	adult	大人、成人	adults, adulthood
1074	2	ahead	在…前面	
1075	2	airport	机场	
1076	2	alive	活着的	
1077	2	amount	数量	
1078	2	appeal	呼吁、吸引	appealed
1079	2	appropriate	合适的	inappropriate
1080	2	arm	手臂、武器	arms
1081	2	athlete	运动员	athletic
1082	2	audience	观众	audiences
1083	2	automatic	自动的	
1084	2	background	背景	backgrounds
1085	2	bakery	面包房	baker
1086	2	bank	银行、河岸	
1087	2	bargain	讨价还价、便宜货	bargained, bargaining, bargains
1088	2	barrier	障碍	barriers
1089	2	bathe	洗澡、沐浴	bathroom
1090	2	battle	战斗	
1091	2	beautifully	美丽地	beauty
1092	2	bed	床	
1093	2	bedroom	卧室	bedrooms
1094	2	bend	弯曲	bent
1095	2	birth	出生	birthday
1096	2	border	边界	
1097	2	burst	迸发、爆发	bursts
1098	2	cake	蛋糕	cakes
1099	2	campaign	运动、活动、战役	
1100	2	cast	扔、投射	casting
1101	2	celebrate	庆祝	celebration
1102	2	chaos	混乱	
1103	2	circle	圆圈、转圈	circled
1104	2	cloud	云朵	cloudy
1105	2	clumsily	笨拙地	clumsy
1106	2	coat	外套	coats
1107	2	coincidence	巧合	
1108	2	concept	概念	concepts
1109	2	consequence	后果、结果	consequently
1110	2	consistently	持续地	consistent
1111	2	country	国家	countries
1112	2	credit	信用、学分、归功于、赞扬	credits
1113	2	cup	杯子	cups, cupful
1114	2	cushion	垫子	
1115	2	cycling	骑自行车	
1116	2	debate	讨论	debating
1117	2	decline	减少、下降、拒绝	declined
1118	2	decrease	减少	decreased, decreasing
1119	2	degree	温度、程度、学位	
1120	2	delicious	美味的	
1121	2	department	部门	
1122	2	desert	遗弃、沙漠	deserted
1123	2	destination	目的地	destinations
1124	2	detail	细节	details, detailed
1125	2	dialogue	对话	
1126	2	dignity	尊严	
1127	2	distribute	分发、分配	distributed, distributing
1128	2	dive	潜水、跳水	dived
1129	2	drink	喝	drunk
1130	2	dull	乏味的	
1131	2	ear	耳朵	ears
1132	2	enemy	敌人	enemies
1133	2	engineer	工程师	engineers
1134	2	entertain	娱乐	entertainment
1135	2	entire	完全的	entirely
1136	2	entrance	入口	
1137	2	especially	尤其	
1138	2	essay	论文、作文	
1139	2	evidence	证据	
1140	2	exhibit	展示	exhibition
1141	2	explode	爆炸	
1142	2	fact	事实	facts
1143	2	factory	工厂	
1144	2	feed	喂食	fed, feeding
1145	2	few	很少	
1146	2	fire	火、开除、开火	
1147	2	flash	闪光、闪现	
1148	2	flee	逃跑	fled
1149	2	footprint	脚印、足迹	
1150	2	forbid	禁止	forbade, forbidden
1151	2	frankly	坦白地	
1152	2	fuel	燃料、加强	fueled
1153	2	glance	一瞥	
1154	2	glory	荣耀	
1155	2	grass	草	
1156	2	group	小组	groups
1157	2	guard	保护、警卫	
1158	2	hair	头发	
1159	2	heat	热	
1160	2	hero	英雄	heroes
1161	2	hobby	兴趣	
1162	2	huge	大的	
1163	2	husband	丈夫	
1164	2	intelligent	聪明的	
1165	2	item	物品	items
1166	2	jog	慢跑	jogging
1167	2	key	钥匙、关键的	keys
1168	2	kill	杀	killing
1169	2	kiss	亲吻	
1170	2	lab	实验室	
1171	2	little	少、小	
1172	2	low	低的	
1173	2	luggage	行李	
1174	2	magic	魔法	
1175	2	mail	邮件	
1176	2	main	主要的	
1177	2	man	男人	
1178	2	master	精通、掌握、大师	mastered, masters
1179	2	math	数学	
1180	2	mercy	仁慈	
1181	2	merely	仅仅	
1182	2	mirror	镜子、反射、反映	mirrored
1183	2	model	模型	
1184	2	modern	现代的	
1185	2	moment	时刻	
1186	2	mother	妈妈	
1187	2	music	音乐	
1188	2	none	没有	
1189	2	nutrition	营养	
1190	2	obtain	获得	obtained
1191	2	occasionally	偶尔地	
1192	2	occur	发生	occurred
1193	2	oppose	反对	
1194	2	participate	参与	participation, participants
1195	2	past	过去的、过往、经过	
1196	2	pattern	模式、图案	patterns
1197	2	pile	堆	piled
1198	2	pray	祈祷	praying
1199	2	privilege	特权、优先权	
1200	2	purchase	购买	purchases
1201	2	qualification	资格	
1202	2	quarrel	争吵	quarreled, quarreling, quarrels
1203	2	quite	相当、非常	
1204	2	rail	栏杆、铁轨	
1205	2	range	范围	
1206	2	recently	最近	
1207	2	recite	背诵	recited, recites
1208	2	regulation	规定	regulations
1209	2	remote	遥远的	
1210	2	resist	抵挡、抵抗	
1211	2	restaurant	饭馆	
1212	2	role	角色	roles
1213	2	rude	粗鲁的	
1214	2	scold	斥责	
1215	2	significance	重要性	significant
1216	2	sing	唱歌	singing, sang, sung
1217	2	sister	姐妹	
1218	2	ski	滑雪	skied, skiing
1219	2	smoke	烟	smokes, smoking
1220	2	smooth	光滑的、顺利的	smoothing
1221	2	snow	雪	snowy
1222	2	sock	袜子	socks
1223	2	specific	具体的、详细的	specifically
1224	2	speed	速度、加速	speeding
1225	2	split	分割、分开	
1226	2	spoon	勺子	spoonful
1227	2	square	正方形	
1228	2	stable	稳定的	
1229	2	stadium	体育场	
1230	2	steady	稳定的	steadily
1231	2	stone	石头	stones
1232	2	stream	溪流、流淌	streaming
1233	2	stubborn	固执的	
1234	2	subject	科目	subjects
1235	2	subjective	主观的	
1236	2	suitcase	箱子	
1237	2	sum	总和	summed, summarized
1238	2	suspicious	可疑的	
1239	2	sweat	汗水	
1240	2	sweep	打扫、清除	sweeping, swept
1241	2	swell	膨胀、涌	swelled
1242	2	swim	游泳	swimming
1243	2	symptom	症状	symptoms
1244	2	tall	高的	taller
1245	2	tease	取笑	teasing
1246	2	their	他们的	
1247	2	them	他们	
1248	2	there	那里	
1249	2	thing	事情	things
1250	2	threaten	威胁	threat, threatened
1251	2	thunder	雷	thunders
1252	2	ticket	票	tickets
1253	2	tie	系牢、领带、纽带	tied
1254	2	tiny	极小的	
1255	2	together	一起	
1256	2	total	总共的	totally
1257	2	town	城镇	
1258	2	trade	交易	trades
1259	2	traffic	交通	
1260	2	treasure	宝藏	treasures
1261	2	tune	曲调	
1262	2	update	更新	updates
1263	2	variety	多样化、种类	vary, various
1264	2	vegetable	蔬菜	vegetables
1265	2	vehicle	车辆	vehicles
1266	2	very	非常	
1267	2	wall	墙壁	walls
1268	2	wallet	钱包	
1269	2	war	战争	
1270	2	wet	湿的	
1271	2	whichever	无论哪一个	
1272	2	whole	全部的	
1273	1	academic	学术的	
1274	1	accomplish	完成	accomplished
1275	1	accumulate	积累	accumulated
1276	1	acquaintance	熟人	
1277	1	addicted	上瘾的	
1278	1	advocate	主张、倡议	
1279	1	agency	机构	
1280	1	aid	援助	aids
1281	1	alarm	警报	
1282	1	album	相册	
1283	1	alike	同样地、相似	
1284	1	allergic	过敏的	
1285	1	animal	动物	animals
1286	1	apart	相隔、分开	
1287	1	apple	苹果	apples
1288	1	arrest	逮捕	arrested
1289	1	article	文章	
1290	1	artificial	人造的	
1291	1	atmosphere	气氛	
1292	1	author	作者	
1293	1	baby	婴儿、宝贝	
1294	1	balcony	阳台	
1295	1	barely	几乎不、仅仅	
1296	1	baseball	棒球	
1297	1	basement	地下室	
1298	1	basket	篮子	
1299	1	basketball	篮球	
1300	1	beach	海滩	
1301	1	beneath	在…之下	
1302	1	betrayal	背叛	
1303	1	bike	自行车	
1304	1	biscuit	饼干	biscuits
1305	1	blanket	毯子	blankets
1306	1	bless	保佑	blessing
1307	1	boat	船	
1308	1	bond	纽带	
1309	1	bonus	奖金	
1310	1	boom	繁荣、迅速发展	booming
1311	1	boss	老板	
1312	1	both	两者	
1313	1	bottom	底下	
1314	1	bounce	反弹、弹起	bouncing
1315	1	boundary	界限	boundaries
1316	1	bow	鞠躬	bowed
1317	1	bowl	碗	bowls
1318	1	brain	大脑	brains
1319	1	brake	刹车	braked
1320	1	bridge	桥梁、纽带	
1321	1	broadcast	广播	
1322	1	brush	刷子	
1323	1	bus	公交车	buses, bussed
1324	1	bush	灌木	
1325	1	cancer	癌症	
1326	1	candidate	候选人	candidates
1327	1	canteen	食堂	
1328	1	carve	雕刻	carved
1329	1	cave	洞穴	caving
1330	1	ceiling	天花板	
1331	1	cent	一分钱	cents
1332	1	certificate	证书	certificates
1333	1	channel	频道、隧道	
1334	1	chant	吟唱	chanted
1335	1	cheek	脸颊	
1336	1	cheque	支票	
1337	1	chest	胸部	
1338	1	cigarette	香烟	cigarettes
1339	1	circumstance	情况	circumstances
1340	1	claim	宣称、声称、索要	claimed
1341	1	clarify	澄清	clarified
1342	1	clinic	诊所	
1343	1	coach	教练	coaches
1344	1	coffee	咖啡	
1345	1	college	大学	
1346	1	compensation	赔偿	
1347	1	comprehension	理解	
1348	1	compromise	妥协	
1349	1	computer	电脑	
1350	1	concert	音乐会	
1351	1	condemn	谴责	condemned
1352	1	construction	建造	
1353	1	consult	咨询	consulting
1354	1	contact	联系	contacted
1355	1	container	容器	
1356	1	controversial	有争议的	
1357	1	cookie	饼干	cookies
1358	1	counter	柜台、反对的	
1359	1	couple	情侣、夫妻	
1360	1	crawl	爬	crawling
1361	1	crime	罪行	
1362	1	criterion	标准	
1363	1	curse	诅咒	
1364	1	curtain	窗帘	curtains
1365	1	daring	大胆的	
1366	1	dash	猛冲	dashing
1367	1	data	数据	
1368	1	daughter	女儿	
1369	1	debt	债务	
1370	1	define	下定义	defined
1371	1	deliberately	故意地	
1372	1	despite	尽管	
1373	1	detective	侦探	
1374	1	diary	日记	
1375	1	dip	蘸	
1376	1	disaster	灾难	
1377	1	dish	菜肴、碟盘	dishes
1378	1	dismiss	解散	dismissed
1379	1	distinction	区分、卓越	
1380	1	drill	训练、钻头	
1381	1	drug	药	drugs
1382	1	dust	灰尘	
1383	1	each	每个	
1384	1	edit	编辑	edited
1385	1	either	两者之一	
1386	1	elderly	上年纪的	
1387	1	election	选举	
1388	1	elegant	优雅的	
1389	1	else	其他	
1390	1	email	电子邮件	
1391	1	emotion	情感	
1392	1	engage	吸引、使参加	engaged
1393	1	engine	引擎	engines
1394	1	enquiry	咨询	
1395	1	enterprise	企业、事业	
1396	1	entry	条目、进入、参赛作品	
1397	1	envelope	信封	
1398	1	error	错误	
1399	1	European	欧洲的	
1400	1	extreme	极端的	extremely
1401	1	false	错误的、假的	
1402	1	farmer	农民	
1403	1	fashion	时尚	
1404	1	fasten	系上	fastened
1405	1	fate	命运	
1406	1	father	父亲	
1407	1	fee	费用	
1408	1	fellow	同事、同辈	fellows
1409	1	festival	节日	
1410	1	fetch	取来	
1411	1	fierce	凶猛的、激烈的	
1412	1	film	电影、胶卷、薄膜	
1413	1	finance	财政	financial
1414	1	fish	鱼	
1415	1	flame	火焰	flames
1416	1	float	漂浮	floated
1417	1	flood	洪水、淹没	flooding, flooded
1418	1	floor	地面、楼层	floors
1419	1	foggy	有雾的	fog
1420	1	forehead	前额	
1421	1	foresee	预见	
1422	1	forever	永远	
1423	1	foster	培养、培育	fostered
1424	1	found	创立、建立	founded
1425	1	four	四	
1426	1	fragile	脆弱的、易碎的	
1427	1	fund	资金	
1428	1	funeral	葬礼	
1429	1	furniture	家具	
1430	1	garbage	垃圾	
1431	1	garden	花园、园艺	gardening
1432	1	gate	大门	gates
1433	1	girl	姑娘	girls
1434	1	glove	手套	gloves
1435	1	glue	胶水	
1436	1	gold	金子	
1437	1	government	政府	
1438	1	graph	图表	
1439	1	greed	贪婪	
1440	1	grey	灰色的	
1441	1	guarantee	保证、保障	guaranteeing
1442	1	guest	客人	guests
1443	1	gym	健身房	gymnastic, gymnastics
1444	1	harbor	港口	
1445	1	headmaster	校长	
1446	1	hike	徒步旅行	hikes
1447	1	hill	小山	
1448	1	hire	雇佣	hires
1449	1	history	历史	
1450	1	hole	洞	holes
1451	1	hotel	酒店	
1452	1	hour	小时	hours
1453	1	humorous	幽默的	
1454	1	hunt	打猎	hunted
1455	1	illegally	非法地	
1456	1	include	包括	included, including
1457	1	indeed	确实	
1458	1	ingredient	成分	ingredients
1459	1	initial	起初的、首字母	
1460	1	insert	插入	inserted
1461	1	instantly	立即地	
1462	1	insurance	保险	
1463	1	international	国际的	
1464	1	iron	钢铁、熨	
1465	1	it	它	
1466	1	jacket	夹克	jackets
1467	1	jam	拥堵、果酱	
1468	1	jar	罐子	
1469	1	jealous	嫉妒的	
1470	1	jeans	牛仔裤	
1471	1	jewel	珠宝	jewels
1472	1	joke	笑话	joked, jokes
1473	1	kettle	水壶	kettles
1474	1	kid	孩子	kids
1475	1	lake	湖	
1476	1	lame	瘸的	
1477	1	lamp	灯	lamps
1478	1	land	着陆、土地	landed
1479	1	large	大的、大量的、广泛的	
1480	1	Latino	拉丁美洲人	
1481	1	leaf	叶子	leaves
1482	1	league	联盟	
1483	1	leak	泄露	
1484	1	leg	腿	legs
1485	1	library	图书馆	
1486	1	license	执照、许可证	
1487	1	lightheartedly	无忧无虑地	
1488	1	local	当地的	
1489	1	location	位置	
1490	1	loose	松开、松散的	
1491	1	lorry	货车	
1492	1	lounge	休息室	
1493	1	loyalty	忠诚	
1494	1	lunch	午饭	lunchtime
1495	1	madly	疯狂地	
1496	1	maintain	保持、维持	
1497	1	map	地图	
1498	1	marry	结婚	married, marriage
1499	1	mature	成熟的	
1500	1	meal	一餐、食物	
1501	1	medical	医疗的	
1502	1	medium	中等的、媒介	
1503	1	mental	精神的	
1504	1	menus	菜单	
1505	1	mild	温和的	
1506	1	monitor	监视器、班长	
1507	1	month	月份	
1508	1	mop	拖把	
1509	1	motto	座右铭	
1510	1	mountain	山	
1511	1	mouth	嘴	
1512	1	movie	电影	movies
1513	1	museum	博物馆	
1514	1	mystery	神秘	mysterious
1515	1	national	国家的	
1516	1	neat	整洁的	
1517	1	negative	消极的	
1518	1	neither	两个都不	
1519	1	nest	窝、巢穴	
1520	1	night	夜晚	
1521	1	noble	高尚的、贵族的	
1522	1	nor	也不	
1523	1	nurse	护士、护理	nursed, nursing
1524	1	option	选项	options
1525	1	origin	起源	origins
1526	1	outspoken	直言不讳的	
1527	1	overturn	掀翻、推翻	overturned
1528	1	page	页	
1529	1	pair	一对	paired
1530	1	pale	苍白的	
1531	1	pants	裤子	
1532	1	paperwork	文书工作	
1533	1	parcel	包裹	
1534	1	park	停车、公园	parking
1535	1	particular	特定的	
1536	1	password	密码	
1537	1	pave	铺路	paved
1538	1	pen	笔、写	penned
1539	1	perhaps	也许	
1540	1	period	一段时间	
1541	1	permanent	永恒的	
1542	1	pet	宠物	pets
1543	1	petrol	汽油	
1544	1	ping	叮当响	
1545	1	pipe	管道	
1546	1	plain	朴素的、简单的、直白的	
1547	1	plane	飞机	planes
1548	1	plate	盘子	
1549	1	platform	平台	
1550	1	playmate	玩伴	
1551	1	pocket	口袋	
1552	1	poems	诗歌	
1553	1	policy	政策	
1554	1	pollution	污染	
1555	1	pool	池塘	
1556	1	postpone	推迟	postponed
1557	1	priceless	无价的、极珍贵的	
1558	1	principle	原则	
1559	1	prohibit	禁止	prohibited
1560	1	pulse	脉搏	
1561	1	punctual	准时的	
1562	1	purely	仅仅	purer, purify
1563	1	purse	钱包	purses
1564	1	quiz	小测验	
1565	1	rain	雨	
1566	1	rate	率、比率	
1567	1	recycle	回收利用、再循环	
1568	1	regard	看待	regarded, regardless
1569	1	register	注册	registered
1570	1	reputation	名誉	
1571	1	reserve	预定、保留、储备	
1572	1	resignation	辞职	
1573	1	resolution	决心、决议、坚决	resolve
1574	1	restriction	限制	
1575	1	restroom	洗手间	
1576	1	retell	复述	
1577	1	revise	修改	revising, revision
1578	1	rob	抢劫	robs
1579	1	roof	屋顶	
1580	1	rose	玫瑰	
1581	1	row	行、排	
1582	1	royal	皇家的	
1583	1	rumor	谣言	
1584	1	scan	扫描	scanned
1585	1	scenery	风景	
1586	1	schoolmate	校友	schoolmates
1587	1	score	分数	scores
1588	1	screen	屏幕	
1589	1	sea	大海	
1590	1	seal	盖章、密封	
1591	1	secretary	秘书	
1592	1	security	安全	
1593	1	sentence	句子、判决	sentenced
1594	1	series	系列	
1595	1	severe	严重的	
1596	1	sew	缝制、缝补	sewing
1597	1	shade	阴凉处、暗部	
1598	1	shadow	阴影	
1599	1	she	她	
1600	1	shelter	庇护所	
1601	1	shirt	衬衫	
1602	1	shoe	鞋子	shoes
1603	1	shoot	射击、拍摄	shot, shots
1604	1	showroom	陈列室	
1605	1	shut	关上	shutting
1606	1	site	景点、站点	sites
1607	1	skate	滑冰	skateboard
1608	1	skeptical	怀疑的	sceptical
1609	1	slide	滑行、幻灯片	slides
1610	1	slim	苗条的	
1611	1	sniff	嗅、闻	sniffs
1612	1	society	社会	social
1613	1	soldier	士兵	soldiers
1614	1	solid	固体的	
1615	1	song	歌曲	songs
1616	1	souvenir	纪念品	souvenirs
1617	1	sponsor	赞助、资助	
1618	1	spy	当间谍	spied
1619	1	staff	员工	
1620	1	stage	阶段、舞台	
1621	1	statue	雕塑	
1622	1	status	状态、地位	
1623	1	steam	蒸汽	
1624	1	stomach	胃	
1625	1	storm	风暴	
1626	1	strategy	战略	
1627	1	submit	递交	submitted
1628	1	supper	晚餐	
1629	1	surface	表面、浮现	
1630	1	surgeon	外科医生	
1631	1	sweater	毛衣	
1632	1	sword	剑	
1633	1	symbol	符号、象征	
1634	1	table	桌子	
1635	1	tank	坦克、水箱	
1636	1	tap	水龙头、轻拍、利用	tapping
1637	1	tape	胶带	
1638	1	teapot	茶壶	teapots
1639	1	temperature	温度	temperatures
1640	1	tend	趋向于、照料	
1641	1	term	学期、任期、术语	
1642	1	than	比	
1643	1	theme	主题	themes
1644	1	they	他们	
1645	1	thick	厚的、浓的	
1646	1	thief	小偷	
1647	1	three	三	
1648	1	tidy	整洁的	
1649	1	tip	提示、小费、顶端	tips
1650	1	tongue	舌头、语言	
1651	1	tower	塔	
1652	1	trial	试用、审判	
1653	1	truck	卡车	
1654	1	tutor	导师	tutors
1655	1	two	二	
1656	1	type	类型、打字	
1657	1	tyre	轮胎	
1658	1	unconsciously	无意识地	
1659	1	undertake	承担	undertook, undertaken
1660	1	unique	独一无二的、独特的	
1661	1	unite	联合、结合	
1662	1	universe	宇宙	
1663	1	university	大学	
1664	1	us	我们	
1665	1	vain	徒劳的	
1666	1	valley	山谷	
1667	1	vase	花瓶	vases
1668	1	verbal	口头的、语言的	
1669	1	violate	违背、侵犯	violated
1670	1	violent	暴力的、强烈的	
1671	1	vivid	生动的	vividly
1672	1	volleyball	排球	
1673	1	voyage	航行	
1674	1	we	我们	
1675	1	wealth	财富	wealthy
1676	1	wheel	轮子、方向盘	wheels, wheelchair
1677	1	wife	妻子	
1678	1	window	窗户	
1679	1	wipe	擦除	wiped
1680	1	wood	木头、森林	woods
1681	1	workout	锻炼	
1682	1	wound	使受伤、伤口	wounded
1683	1	year	年	
1684	1	yell	喊叫	yelled
1685	1	you	你	yourself
1686	0	accent	口音	
1687	0	adore	崇拜、爱慕	
1688	0	agenda	议程、日程	
1689	0	allocate	分配	
1690	0	alternative	其它选择、供替代的	
1691	0	ambulance	救护车	
1692	0	apparently	显然	
1693	0	bell	钟、铃	
1694	0	biological	生物的、有血缘的	
1695	0	blue	蓝色的	
1696	0	bomb	炸弹	
1697	0	boots	靴子	
1698	0	brilliant	巧妙的、聪明的	
1699	0	catalogue	目录	
1700	0	chain	锁链、连锁店	
1701	0	click	点击	
1702	0	collapse	坍塌	
1703	0	combine	合并	
1704	0	compose	组成、作曲、撰写	
1705	0	comprise	包括、包含	
1706	0	concrete	具体的、确实的	
1707	0	contest	比赛	
1708	0	continent	大陆	
1709	0	costume	服装	
1710	0	critical	批评的、关键的	
1711	0	culture	文化	cultural
1712	0	deafening	震耳欲聋的	
1713	0	dinner	正餐	
1714	0	disease	疾病	
1715	0	distinguished	卓越的、区分、辨别	
1716	0	dominate	支配、掌控	
1717	0	emphasize	强调	
1718	0	essential	重要的	
1719	0	excellent	优秀的	
1720	0	fantasy	幻想	fantastic
1721	0	fascinating	令人着迷的	
1722	0	fist	拳头	
1723	0	flat	水平的、公寓	
1724	0	forecast	预报	
1725	0	forest	森林	
1726	0	frame	框架	
1727	0	grab	抓取、夺取	
1728	0	grand	壮丽的、宏大的	
1729	0	habitat	栖息地	
1730	0	hall	大厅	
1731	0	harvest	收获	
1732	0	humble	谦逊的、卑微的	humbly
1733	0	impact	冲击、影响	
1734	0	income	收入	
1735	0	inquires	询问、查问	
1736	0	interrupt	打断说话、中断	
1737	0	issue	问题、期刊、发布	
1738	0	journal	日记	
1739	0	justify	证明…正确、辩护	
1740	0	keen	热切的、热情的	
1741	0	kingdom	王国	
1742	0	kitchen	厨房	
1743	0	labor	劳动、劳动力	
1744	0	leaping	跳跃、飞跃	
1745	0	literary	文学的	
1746	0	meanwhile	与此同时	
1747	0	mechanical	机械的	
1748	0	mode	模式、状态	
1749	0	mood	情绪、心情	
1750	0	outbreak	爆发	outbreaks
1751	0	passport	护照	
1752	0	plot	情节	
1753	0	precious	宝贵的	
1754	0	precisely	准确地	
1755	0	previously	以前	
1756	0	pronounce	发音	pronunciation
1757	0	propose	提议	
1758	0	pursue	追求	pursuit
1759	0	random	随机的	
1760	0	receipts	收据	
1761	0	red	红色的	
1762	0	released	释放	
1763	0	revealed	揭露、揭示	
1764	0	route	路线	
1765	0	sale	销售	salesperson
1766	0	shore	岸上	
1767	0	single	单一的	
1768	0	sort	种类、排序	
1769	0	speech	演讲、发言	speechless
1770	0	starve	挨饿	starving, starved
1771	0	stretching	拉伸、延伸	
1772	0	stuff	东西、物品	
1773	0	such	这样、这种	
1774	0	swear	发誓、咒骂	
1775	0	swinging	摇摆	
1776	0	telescopes	望远镜	
1777	0	translate	翻译	
1778	0	twins	双胞胎	
1779	0	ultimately	最终地、最后	
1780	0	vacation	假期	
1781	0	video	视频	
1782	0	yard	院子	
1783	0	zone	区域	
1784	0	abstract	抽象的	
1785	0	abundant	大量的、丰富的	
1786	0	accommodate	提供食宿、容纳	accommodation
1787	0	according to	根据	
1788	0	accustomed	习惯的	
1789	0	affair	事件、事务	
1790	0	African	非洲的、非洲人	
1791	0	alright	好吧、令人满意	
1792	0	amateur	业余的	
1793	0	angel	天使	
1794	0	antique	古董、古老的	
1795	0	applaud	鼓掌	applause
1796	0	approximately	大约、大概	
1797	0	area	地区、区域	
1798	0	autonomous	自主的、自治的	
1799	0	autumn	秋天	
1800	0	awful	可怕的、讨厌的、糟糕的	
1801	0	band	乐队、组队	
1802	0	bark	犬吠、树皮	
1803	0	bird	鸟	
1804	0	blank	空白	blanks
1805	0	blind	失明的	
1806	0	bone	骨头	
1807	0	boost	促进	
1808	0	budget	预算	
1809	0	burnout	筋疲力尽	
1810	0	cage	笼子	
1811	0	camera	照相机	
1812	0	campus	校园	
1813	0	capable	有能力的	incapable
1814	0	category	类别	
1815	0	cease	停止、终止	
1816	0	celebrity	名人	
1817	0	champion	冠军	
1818	0	chemical	化学品	chemistry, chemist
1819	0	cherish	珍惜	
1820	0	circulate	循环	
1821	0	climate	气候	
1822	0	commercial	商业的	
1823	0	community	社区	
1824	0	complicated	复杂的	
1825	0	conservative	保守的	
1826	0	contradict	互相矛盾、反驳	contradictory
1827	0	convey	传递	conveyed
1828	0	cooperate	合作	cooperatively, cooperation
1829	0	cope	处理	
1830	0	coworker	同事	
1831	0	crisis	危机	
1832	0	crop	作物、庄稼	
1833	0	crutch	拐杖	
1834	0	cuisine	美食	
1835	0	currently	现在、当前	
1836	0	definite	确定的、肯定的	
1837	0	deny	否认	
1838	0	depart	出发、离开	departure
1839	0	deposit	存款、押金	
1840	0	destruction	毁灭	destructive
1841	0	device	设备	
1842	0	dig	挖掘	dug
1843	0	dilemma	困境	
1844	0	display	展示、显示	displayed
1845	0	distract	分散注意力、分心	
1846	0	diverse	多样的	diversity
1847	0	divide	分开、分割	
1848	0	divorce	离婚	
1849	0	dizzy	眩晕的	dizzily
1850	0	double	两倍	doubled, doubles
1851	0	drone	无人机	
1852	0	drum	鼓	
1853	0	due	到期的	
1854	0	dumb	愚蠢的、哑的	
1855	0	dynamic	动态的、有活力的、动力	
1856	0	economy	经济	economical
1857	0	edge	边缘	
1858	0	efficient	有效率的	efficiently
1859	0	emerge	出现、显露	
1860	0	encounter	遭遇、邂逅	
1861	0	environment	环境	
1862	0	erase	消除	
1863	0	erupt	爆发、突发	
1864	0	establish	建立	
1865	0	estimate	估计	
1866	0	except	除了…以外	
1867	0	exceptional	杰出的、卓越的、例外的	
1868	0	exhausted	筋疲力尽的	
1869	0	fancy	花哨的、精美的	
1870	0	feather	羽毛	
1871	0	feature	特点、以…为特色	
1872	0	feedback	反馈	
1873	0	fluently	流利地	
1874	0	frustrated	沮丧的、懊恼的	frustration
1875	0	furthermore	而且	
1876	0	gas	煤气、气体	
1877	0	generate	生成、产生	
1878	0	genetic	遗传的、基因的	
1879	0	getaway	逃跑	
1880	0	goodbye	再见	
1881	0	gracefully	优雅地	
1882	0	ground	地面	
1883	0	harmony	和谐	
1884	0	hat	帽子	
1885	0	hatch	孵化、舱门	
1886	0	heal	治愈	
1887	0	heartbreaking	令人心碎的	heartbroken
1888	0	homeland	祖国	
1889	0	icy	冰冷的、冰冻的	
1890	0	in spite of	尽管	
1891	0	inch	英寸、小心移动	
1892	0	infect	使感染	
1893	0	inspect	视察、审查	
1894	0	interact	互动	interacting, interaction
1895	0	invest	投资	
1896	0	investigate	调查	investigating
1897	0	justice	公正	
1898	0	kit	工具箱	
1899	0	label	标签、贴标签	labeled
1900	0	landscape	风景	
1901	0	language	语言	
1902	0	letdown	失望	
1903	0	liberate	解放、使自由	
1904	0	literature	文学	
1905	0	load	装载	upload
1906	0	log	日志、记录	
1907	0	market	市场	
1908	0	melt	融化	
1909	0	microphone	麦克风	
1910	0	middle	中间的	
1911	0	millionaire	百万富翁	
1912	0	minor	少数的、次要的	minority
1913	0	mission	任务、使命	
1914	0	moral	道德的	
1915	0	mourn	哀悼	
1916	0	multiple	倍数、数量多的	
1917	0	net	网	
1918	0	nose	鼻子	
1919	0	novel	小说、新颖的	novels
1920	0	online	在线的	
1921	0	opponent	反对者、对手	
1922	0	overall	总体的	
1923	0	overnight	一夜之间	
1924	0	panel	面板、仪表盘	
1925	0	passage	通道、篇章	
1926	0	patent	专利	
1927	0	paycheck	工资	
1928	0	persistence	坚持不懈	
1929	0	physical	物理的、身体的	physics
1930	0	pioneer	先锋、先驱	
1931	0	plenty	大量	
1932	0	pound	心脏狂跳、磅	
1933	0	prejudice	偏见	prejudices
1934	0	principal	校长	
1935	0	psychology	心理学	psychological
1936	0	quote	引用	
1937	0	rapid	快速的	
1938	0	raw	生的、原始的	
1939	0	recipe	食谱、配方	recipes
1940	0	recreation	娱乐活动	
1941	0	renew	更新、延长期限	
1942	0	resource	资源	
1943	0	restore	恢复、复原	restored
1944	0	reunion	团聚	
1945	0	rid	摆脱、消除	
1946	0	ripe	成熟的	
1947	0	rock	岩石、晃动	rocked
1948	0	romantic	浪漫的	
1949	0	rope	绳子	
1950	0	scarcely	几乎不	
1951	0	season	季节	
1952	0	second	第二、秒	
1953	0	seminar	研讨会	
1954	0	senior	高级的、年长的	
1955	0	shift	转移、变换	shifted
1956	0	ship	船、运输	
1957	0	snack	零食、小吃	
1958	0	sneeze	打喷嚏	
1959	0	snowflakes	雪花	
1960	0	somehow	以某种方式，不知怎么	
1961	0	sour	有酸味的	
1962	0	sow	播种	
1963	0	spin	旋转	spinning
1964	0	sportsmanship	体育精神	
1965	0	spotlight	聚光灯	
1966	0	squeeze	挤压	
1967	0	statistics	统计数据	statistical
1968	0	surf	冲浪	
1969	0	sustainable	可持续的	
1970	0	tail	尾巴	
1971	0	tax	税	
1972	0	technology	技术	technological, technical
1973	0	tent	帐篷	
1974	0	tentative	暂定的、不确定的	
1975	0	text	文本、发消息	texts
1976	0	thirsty	口渴的	
1977	0	throat	喉咙	
1978	0	tournament	锦标赛	
1979	0	transfer	转移	
1980	0	turnaround	转机、好转	
1981	0	twisted	扭曲的	
1982	0	ugly	丑的	
1983	0	uplift	鼓励、激励	
1984	0	virtual	虚拟的	
1985	0	vision	视野、想象、视力	invisible
1986	0	vital	重要的	
1987	0	vote	投票	
1988	0	weapon	武器	
1989	0	weep	哭泣	
1990	0	white	白色的	
1991	0	wing	翅膀	
1992	0	yellowed	泛黄的	
1993	0	yesterday	昨天	
